{"cameraMode":{"drawMode":0,"name":"Shaded","section":"Shading Mode"},"sceneLighting":true,"audioPlay":false,"sceneViewState":{"m_AlwaysRefresh":false,"showFog":true,"showSkybox":true,"showFlares":true,"showImageEffects":true,"showParticleSystems":true,"showVisualEffectGraphs":true,"m_FxEnabled":true},"in2DMode":false,"pivot":{"x":-0.7916316986083984,"y":-0.7802351713180542,"z":-0.15047359466552735},"rotation":{"x":-0.09018579125404358,"y":0.005076416302472353,"z":-0.0004597891529556364,"w":-0.9959132671356201},"size":7.08763313293457,"orthographic":false}