{"cameraMode":{"drawMode":0,"name":"Shaded","section":"Shading Mode"},"sceneLighting":true,"audioPlay":false,"sceneViewState":{"m_AlwaysRefresh":false,"showFog":true,"showSkybox":true,"showFlares":true,"showImageEffects":true,"showParticleSystems":true,"showVisualEffectGraphs":true,"m_FxEnabled":true},"in2DMode":false,"pivot":{"x":0.9023451805114746,"y":-0.9693921804428101,"z":0.35667216777801516},"rotation":{"x":-0.2446298599243164,"y":-0.07061352580785752,"z":0.017865605652332307,"w":-0.9668784737586975},"size":10.231966018676758,"orthographic":false}