{"cameraMode":{"drawMode":0,"name":"Shaded","section":"Shading Mode"},"sceneLighting":true,"audioPlay":false,"sceneViewState":{"m_AlwaysRefresh":false,"showFog":true,"showSkybox":true,"showFlares":true,"showImageEffects":true,"showParticleSystems":true,"showVisualEffectGraphs":true,"m_FxEnabled":true},"in2DMode":false,"pivot":{"x":-60.53871536254883,"y":-127.34146118164063,"z":328.88397216796877},"rotation":{"x":-0.17847339808940888,"y":0.09635218977928162,"z":-0.017562484368681909,"w":-0.9790656566619873},"size":193.72279357910157,"orthographic":false}